{"cameraMode":{"drawMode":0,"name":"Shaded","section":"Shading Mode"},"sceneLighting":true,"audioPlay":false,"sceneViewState":{"m_AlwaysRefresh":false,"showFog":true,"showSkybox":true,"showFlares":true,"showImageEffects":true,"showParticleSystems":true,"showVisualEffectGraphs":true,"m_FxEnabled":true},"in2DMode":false,"pivot":{"x":0.6559292078018189,"y":0.7971165180206299,"z":-0.8428058624267578},"rotation":{"x":-0.057307224720716479,"y":0.9415119886398315,"z":-0.25784632563591006,"w":-0.20925456285476685},"size":2.3980233669281008,"orthographic":false}